Modelo,Accuracy,Precision,Recall,F1,AUC
Logistic_base,0.799668149240661,0.0,0.0,0.0,0.5011301086600866
DecisionTree_base,0.6684949185352477,0.19889970376639865,0.21626596111814103,0.20721961972995315,0.4993332689092651
GaussianNB_base,0.799668149240661,0.0,0.0,0.0,0.4973983406437523
ADALINE_base,0.7886755928375544,0.20224719101123595,0.018635683883584494,0.034126816937012854,0.49680701389139825
