Modelo,Accuracy,Precision,Recall,F1,AUC
Logistic_tuned,0.5069481252736616,0.20042452830188678,0.48878407914413896,0.2842806008095541,0.5011328171230554
DecisionTree_tuned,0.5830894383886802,0.19855016679497048,0.35603359024502473,0.2549318397100614,0.49854376024168634
ADALINE_tuned,0.5404097435070173,0.19835907335907335,0.4255147820085126,0.2705826414542263,0.4983605875872833
GaussianNB_tuned,0.5315834351162629,0.20010311936065997,0.44645116760611986,0.2763457704357733,0.4973983406437523
